https:///cae/html/main/colys/56107454.html,柴天佑
https:///cae/html/main/colys/12726075.html,陈纯
https:///cae/html/main/colys/67451694.html,陈杰
https:///cae/html/main/colys/75507885.html,陈志杰
https:///cae/html/main/colys/06494507.html,陈左宁(女)
https:///cae/html/main/colys/28155795.html,戴浩
https:///cae/html/main/colys/02548488.html,戴琼海
https:///cae/html/main/colys/34375328.html,邓中翰
https:///cae/html/main/colys/42653126.html,丁文华
https:///cae/html/main/colys/06378275.html,段宝岩
https:///cae/html/main/colys/18376218.html,樊邦奎
https:///cae/html/main/colys/71871048.html,方滨兴
https:///cae/html/main/colys/42628684.html,费爱国
https:///cae/html/main/colys/65531189.html,封锡盛
https:///cae/html/main/colys/37193416.html,高文
https:///cae/html/main/colys/42578985.html,桂卫华
https:///cae/html/main/colys/42602659.html,何友
https:///cae/html/main/colys/63558738.html,姜会林
https:///cae/html/main/colys/00679747.html,李德毅
https:///cae/html/main/colys/65508027.html,李国杰
https:///cae/html/main/colys/68444168.html,李天初
https:///cae/html/main/colys/75665618.html,李同保
https:///cae/html/main/colys/68400379.html,廖湘科
https:///cae/html/main/colys/65663444.html,刘d
https:///cae/html/main/colys/20981933.html,刘永坚
https:///cae/html/main/colys/43684913.html,刘韵洁
https:///cae/html/main/colys/92838139.html,刘泽金
https:///cae/html/main/colys/61048627.html,陆军
https:///cae/html/main/colys/71846900.html,卢锡城
https:///cae/html/main/colys/58540646.html,罗先刚
https:///cae/html/main/colys/00855664.html,吕跃广
https:///cae/html/main/colys/25348561.html,潘云鹤
https:///cae/html/main/colys/13235199.html,苏东林(女)
https:///cae/html/main/colys/12734420.html,孙家广
https:///cae/html/main/colys/55288821.html,孙凝晖
https:///cae/html/main/colys/11224492.html,谭久彬
https:///cae/html/main/colys/81222515.html,王恩东
https:///cae/html/main/colys/98979217.html,王沙飞
https:///cae/html/main/colys/18156242.html,王天然
https:///cae/html/main/colys/64524659.html,王耀南
https:///cae/html/main/colys/39314645.html,魏毅寅
https:///cae/html/main/colys/77159094.html,吴汉明
https:///cae/html/main/colys/56860866.html,邬贺铨
https:///cae/html/main/colys/15116624.html,邬江兴
https:///cae/html/main/colys/95341770.html,吴建平
https:///cae/html/main/colys/28404165.html,吴曼青
https:///cae/html/main/colys/03022221.html,吴伟仁
https:///cae/html/main/colys/15848126.html,吾守尔・斯拉木
https:///cae/html/main/colys/06592364.html,徐扬生
https:///cae/html/main/colys/42690479.html,杨小牛
https:///cae/html/main/colys/07317131.html,姚富强
https:///cae/html/main/colys/50359665.html,于全
https:///cae/html/main/colys/33760304.html,余少华
https:///cae/html/main/colys/42742182.html,张广军
https:///cae/html/main/colys/47166146.html,张平
https:///cae/html/main/colys/25953934.html,张尧学
https:///cae/html/main/colys/42717920.html,赵沁平
https:///cae/html/main/colys/75813398.html,郑南宁
https:///cae/html/main/colys/93930946.html,郑纬民
https:///cae/html/main/colys/00359700.html,贲德
https:///cae/html/main/colys/62847675.html,蔡鹤皋
https:///cae/html/main/colys/03148832.html,蔡吉人
https:///cae/html/main/colys/46415565.html,陈鲸
https:///cae/html/main/colys/40737958.html,陈敬熊
https:///cae/html/main/colys/65934655.html,陈俊亮
https:///cae/html/main/colys/50811146.html,陈良惠
https:///cae/html/main/colys/93147390.html,范滇元
https:///cae/html/main/colys/59547288.html,方家熊
https:///cae/html/main/colys/46745566.html,高洁
https:///cae/html/main/colys/93378245.html,龚惠兴
https:///cae/html/main/colys/37509876.html,宫先仪
https:///cae/html/main/colys/43617362.html,龚知本
https:///cae/html/main/colys/65316987.html,郭桂蓉
https:///cae/html/main/colys/87543016.html,何德全
https:///cae/html/main/colys/90703829.html,何新贵
https:///cae/html/main/colys/90565044.html,胡光镇
https:///cae/html/main/colys/00712070.html,胡启恒(女)
https:///cae/html/main/colys/46419136.html,黄培康
https:///cae/html/main/colys/28332211.html,姜文汉
https:///cae/html/main/colys/12259293.html,金国藩
https:///cae/html/main/colys/43271672.html,金怡濂
https:///cae/html/main/colys/37268788.html,李伯虎
https:///cae/html/main/colys/71187532.html,李德仁
https:///cae/html/main/colys/93783386.html,李乐民
https:///cae/html/main/colys/53878278.html,李三立
https:///cae/html/main/colys/34527840.html,李幼平
https:///cae/html/main/colys/03815214.html,梁骏吾
https:///cae/html/main/colys/21140242.html,林永年
https:///cae/html/main/colys/81814731.html,凌永顺
https:///cae/html/main/colys/34208705.html,刘尚合
https:///cae/html/main/colys/21368053.html,刘永坦
https:///cae/html/main/colys/03613481.html,陆建勋
https:///cae/html/main/colys/25190801.html,马远良
https:///cae/html/main/colys/50703973.html,毛二可
https:///cae/html/main/colys/09519603.html,倪光南
https:///cae/html/main/colys/50534074.html,潘君骅
https:///cae/html/main/colys/21643372.html,沈昌祥
https:///cae/html/main/colys/50377091.html,宋健
https:///cae/html/main/colys/78347966.html,苏君红
https:///cae/html/main/colys/00479821.html,孙优贤
https:///cae/html/main/colys/75444523.html,孙玉
https:///cae/html/main/colys/81313231.html,汪成为
https:///cae/html/main/colys/59644255.html,王任享
https:///cae/html/main/colys/78659734.html,王小谟
https:///cae/html/main/colys/56662328.html,王越
https:///cae/html/main/colys/37319920.html,王子才
https:///cae/html/main/colys/84113761.html,韦钰(女)
https:///cae/html/main/colys/87783443.html,魏正耀
https:///cae/html/main/colys/46755281.html,魏子卿
https:///cae/html/main/colys/96944507.html,吴澄
https:///cae/html/main/colys/34835943.html,许居衍
https:///cae/html/main/colys/75121273.html,许祖彦
https:///cae/html/main/colys/40928797.html,杨士中
https:///cae/html/main/colys/40878839.html,姚骏恩
https:///cae/html/main/colys/40340079.html,叶铭汉
https:///cae/html/main/colys/84938366.html,叶尚福
https:///cae/html/main/colys/12832037.html,叶声华
https:///cae/html/main/colys/93546417.html,张光义
https:///cae/html/main/colys/12518369.html,张履谦
https:///cae/html/main/colys/18291711.html,张明高
https:///cae/html/main/colys/71684008.html,张锡祥
https:///cae/html/main/colys/15625575.html,张钟华
https:///cae/html/main/colys/40700214.html,赵伊君
https:///cae/html/main/colys/28823140.html,赵梓森
https:///cae/html/main/colys/68335171.html,钟山
https:///cae/html/main/colys/43919202.html,周立伟
https:///cae/html/main/colys/40276559.html,周寿桓
https:///cae/html/main/colys/15852756.html,周仲义
https:///cae/html/main/colys/09293199.html,朱高峰
https:///cae/html/main/colys/53677236.html,庄松林
