http://www.ce.cn/xwzx/gnsz/gdxw/202007/24/t20200724_35386699.shtml,中国经济增长重开马力
http://www.ce.cn/xwzx/gnsz/gdxw/202007/24/t20200724_35386703.shtml,外贸有所回稳
http://news.cctv.com/2020/07/23/ARTIOgdNR4557PJua229m827200723.shtml,2季度货运量正增长
http://news.cctv.com/2020/07/23/ARTIuXNPwTxzLI1IRPIz8sjp200723.shtml,工业生产稳步回升
https://wap.peopleapp.com/article/5760724/5682238,王小良返乡脱贫记
https://3w.huanqiu.com/a/de583b/3zAz3PASXzE?agt=8,"“天问一号”成功发射,中国首次火星探测这四大看点请收好"
https://wap.gmdaily.cn/article/pb517fcb032b24c93ae0cc43f3d24f44f,遵义:脱贫到致富
https://xhpfmapi.zhongguowangshi.com/vh512/share/9272522,乌蒙&quot;同心&quot;战贫困 
https://wap.gmdaily.cn/article/pfe06986dc832498ba3e1dc7c3c7ae3c4,古胜村逆袭记 
https://xhpfmapi.zhongguowangshi.com/vh512/share/9272405,"甩穷帽子吃""生态饭"""
http://news.cctv.com/2020/07/23/ARTIp20ayIqkJecYvJYprLgz200723.shtml,眉山果园村&quot;幸福密码&quot;
http://www.ce.cn/xwzx/gnsz/gdxw/202007/23/t20200723_35381001.shtml,&quot;码上黔行&quot;
https://mp.weixin.qq.com/s/rei6k_eVgZO7yRujjrsVxA,关于有不法分子冒用中央网信办举报中心名义开展活动声明 
https://3w.huanqiu.com/a/438198/3zBTsZ7tF7X?agt=8,外交部:美国驻成都总领事馆人员从事与身份不符活动
https://baijiahao.baidu.com/s?id=1673081065892684209&wfr=content,"央视实拍美驻成都总领馆：门前市民熙攘 院内情景曝光<span class=""related-video-icon""></span>"
https://3w.huanqiu.com/a/3458fa/3zBMNWOcGjT?agt=8,新华国际时评：中方被迫反制 美方须负全责
https://3w.huanqiu.com/a/c36dc8/3zBFSMqIPzI?agt=8,美军1天内向南海出动5架4型军机 国防部回应
https://baijiahao.baidu.com/s?id=1673062899040211706&wfr=content,美邀台湾参加环太平洋军演?岛内网友笑喷:表演坦克掉沟啊
https://baijiahao.baidu.com/s?id=1673082577373334516&wfr=content,"被问论文抄袭 曾被质疑“假博士”的蔡英文尴尬回应<span class=""related-video-icon""></span>"
https://3w.huanqiu.com/a/de583b/3zB38663Ogw?agt=8,全球新冠确诊超1500万 美国和巴西等地区疫情严重
https://baijiahao.baidu.com/s?id=1673081329500275301&wfr=content,"特朗普取消在佛州举行共和党大会计划 最新民调数据不乐观<span class=""related-video-icon""></span>"
https://3w.huanqiu.com/a/24d596/3zBBJTLMIlc?agt=8,为什么巴西疫情如此严峻？中国驻巴西大使权威解答 
https://3w.huanqiu.com/a/24d596/3zBOdMGu2nf?agt=8,坦桑尼亚前总统姆卡帕去世 曾任坦驻美大使
https://baijiahao.baidu.com/s?id=1673049199661191112&wfr=content,实拍伊朗客机遭战机侵扰迫降 机舱晃乘客尖叫多人受伤
https://3w.huanqiu.com/a/c36dc8/3zBJ8LcI8oX?agt=8,伊朗客机遭美战机“侵扰”迫降，机舱摇晃乘客惊慌尖叫
https://3w.huanqiu.com/a/2928e7/3zBDEIlN1K1?agt=8,31省份新增本土病例15例(新疆13例辽宁2例)
https://voice.baidu.com/act/newpneumonia/newpneumonia/?from=osari_aladin_banner,动态
https://3w.huanqiu.com/a/8bb569/3zBF2vj7LCt?agt=8,大连:新增2例新冠确诊 1人曾参加外甥生日宴
https://3w.huanqiu.com/a/b4164a/3zBElzxWZlP?agt=8,托幼园所暂停
https://3w.huanqiu.com/a/c36dc8/3zBQEGeDKjV?agt=8,香港一名74岁确诊男病人离世，死亡病例增至16例
https://baijiahao.baidu.com/s?id=1673077871981488824&wfr=content,"安徽巢湖特大暴雨致服装店被淹 老板打捞衣服时忍不住痛哭<span class=""related-video-icon""></span>"
https://3w.huanqiu.com/a/28d183/3zBL5SP5rtA?agt=8,"98年洪水中抱树9小时获救的小女孩，如今奋战在抗洪一线<span class=""related-video-icon""></span>"
https://baijiahao.baidu.com/s?id=1673066905356134044&wfr=content,"河南不堪家暴跳楼截瘫女子：昨日法官来电，会尽快判离 <span class=""related-video-icon""></span>"
http://baijiahao.baidu.com/s?id=1673067517053064406,杭州失踪女子遇害案疑点待解:凶案第一现场究竟在哪
https://3w.huanqiu.com/a/c62aec/3zBPcrpAtUD?agt=8,有医院一天接诊119人！这种病已到高发季
https://3w.huanqiu.com/a/0c789f/3zBOvKPBZsS?agt=8,杭州警方:“声称将在西湖区恶意传播性病”男子已被刑拘 
http://m.top.cnr.cn/bdxw/20200724/t20200724_525179289.html,暴雨后，青岛这座立交桥变形了？官方回应来了 
http://m.top.cnr.cn/bdxw/20200724/t20200724_525179286.html,27秒，绝处逢生！黄河里救人的小伙身份亮了… 
http://m.top.cnr.cn/bdxw/20200724/t20200724_525179281.html,"痛心!5岁幼儿上午被遗留校车内,下午才被发现......"
